gen_id,durum
SRU_0674,tutuldu_gerekli
SRU_0560,tutuldu_gerekli
SRU_2380,tutuldu_gerekli
SRU_0532,tutuldu_gerekli
SRU_2253,tutuldu_gerekli
SRU_0590,tutuldu_gerekli
SRU_0043,tutuldu_gerekli
SRU_0042,tutuldu_gerekli
SRU_2739,tutuldu_gerekli
SRU_2753,tutuldu_gerekli
SRU_0962,tutuldu_gerekli
SRU_0028,tutuldu_gerekli
SRU_1334,tutuldu_gerekli
SRU_0386,tutuldu_gerekli
SRU_0527,tutuldu_gerekli
SRU_1430,tutuldu_gerekli
SRU_2766,tutuldu_gerekli
SRU_2111,tutuldu_gerekli
SRU_2203,tutuldu_gerekli
SRU_1018,tutuldu_gerekli
SRU_2128,tutuldu_gerekli
SRU_1702,tutuldu_gerekli
SRU_1880,tutuldu_gerekli
SRU_1914,tutuldu_gerekli
SRU_1301,tutuldu_gerekli
SRU_2173,tutuldu_gerekli
SRU_1714,tutuldu_gerekli
SRU_1874,tutuldu_gerekli
SRU_2153,tutuldu_gerekli
SRU_1912,tutuldu_gerekli
SRU_1735,tutuldu_gerekli
SRU_2094,tutuldu_gerekli
SRU_0608,tutuldu_gerekli
SRU_1872,tutuldu_gerekli
SRU_1013,tutuldu_gerekli
SRU_1638,tutuldu_gerekli
SRU_0691,tutuldu_gerekli
SRU_1019,tutuldu_gerekli
SRU_1689,tutuldu_gerekli
SRU_1173,tutuldu_gerekli
SRU_2149,tutuldu_gerekli
SRU_0663,tutuldu_gerekli
SRU_1415,tutuldu_gerekli
SRU_1554,tutuldu_gerekli
SRU_0961,tutuldu_gerekli
SRU_1027,tutuldu_gerekli
SRU_2791,tutuldu_gerekli
SRU_0045,tutuldu_gerekli
SRU_0736,tutuldu_gerekli
SRU_1153,tutuldu_gerekli
SRU_1553,tutuldu_gerekli
SRU_1838,tutuldu_gerekli
SRU_0557,tutuldu_gerekli
SRU_1526,tutuldu_gerekli
SRU_1929,tutuldu_gerekli
SRU_0335,tutuldu_gerekli
SRU_0775,tutuldu_gerekli
SRU_1342,tutuldu_gerekli
SRU_0597,tutuldu_gerekli
SRU_1839,tutuldu_gerekli
SRU_1849,tutuldu_gerekli
SRU_1302,tutuldu_gerekli
SRU_1609,tutuldu_gerekli
SRU_1662,tutuldu_gerekli
SRU_1665,tutuldu_gerekli
SRU_1473,tutuldu_gerekli
SRU_1481,tutuldu_gerekli
SRU_2127,tutuldu_gerekli
SRU_0811,tutuldu_gerekli
SRU_0080,tutuldu_gerekli
SRU_1161,tutuldu_gerekli
SRU_1668,tutuldu_gerekli
SRU_2198,tutuldu_gerekli
SRU_2293,tutuldu_gerekli
SRU_2294,tutuldu_gerekli
SRU_2295,tutuldu_gerekli
SRU_2296,tutuldu_gerekli
SRU_2217,tutuldu_gerekli
SRU_1775,tutuldu_gerekli
SRU_1906,tutuldu_gerekli
SRU_0422,tutuldu_gerekli
SRU_2077,tutuldu_gerekli
SRU_0728,tutuldu_gerekli
SRU_1939,tutuldu_gerekli
SRU_2317,tutuldu_gerekli
SRU_0030,tutuldu_gerekli
SRU_1138,tutuldu_gerekli
SRU_0511,tutuldu_gerekli
SRU_2277,tutuldu_gerekli
SRU_0403,tutuldu_gerekli
SRU_1517,tutuldu_gerekli
SRU_1139,tutuldu_gerekli
SRU_0760,tutuldu_gerekli
SRU_1666,tutuldu_gerekli
SRU_1651,tutuldu_gerekli
SRU_1564,tutuldu_gerekli
SRU_0670,tutuldu_gerekli
SRU_1125,tutuldu_gerekli
SRU_2072,tutuldu_gerekli
SRU_2755,tutuldu_gerekli
SRU_2097,tutuldu_gerekli
SRU_2098,tutuldu_gerekli
SRU_0690,tutuldu_gerekli
SRU_0689,tutuldu_gerekli
SRU_1827,tutuldu_gerekli
SRU_2369,tutuldu_gerekli
SRU_0568,tutuldu_gerekli
SRU_2063,tutuldu_gerekli
SRU_1781,tutuldu_gerekli
SRU_0556,tutuldu_gerekli
SRU_1561,tutuldu_gerekli
SRU_1479,tutuldu_gerekli
SRU_1847,tutuldu_gerekli
SRU_0115,tutuldu_gerekli
SRU_1116,tutuldu_gerekli
SRU_2152,tutuldu_gerekli
SRU_2148,tutuldu_gerekli
SRU_1708,tutuldu_gerekli
SRU_1913,tutuldu_gerekli
SRU_0480,tutuldu_gerekli
SRU_0550,tutuldu_gerekli
SRU_1639,tutuldu_gerekli
SRU_0647,tutuldu_gerekli
SRU_1560,tutuldu_gerekli
SRU_0275,tutuldu_gerekli
SRU_0079,tutuldu_gerekli
SRU_1862,tutuldu_gerekli
SRU_0959,tutuldu_gerekli
SRU_0960,tutuldu_gerekli
SRU_0975,tutuldu_gerekli
SRU_1169,tutuldu_gerekli
SRU_1170,tutuldu_gerekli
SRU_2075,tutuldu_gerekli
SRU_2220,tutuldu_gerekli
SRU_0131,tutuldu_gerekli
SRU_0300,tutuldu_gerekli
SRU_0573,tutuldu_gerekli
SRU_0902,tutuldu_gerekli
SRU_0864,tutuldu_gerekli
SRU_1142,tutuldu_gerekli
SRU_1611,tutuldu_gerekli
SRU_2145,tutuldu_gerekli
SRU_2146,tutuldu_gerekli
SRU_2377,tutuldu_gerekli
SRU_1742,tutuldu_gerekli
SRU_1350,tutuldu_gerekli
SRU_1652,tutuldu_gerekli
SRU_1354,tutuldu_gerekli
SRU_1215,tutuldu_gerekli
SRU_0815,tutuldu_gerekli
SRU_0804,tutuldu_gerekli
SRU_1123,tutuldu_gerekli
SRU_1859,tutuldu_gerekli
SRU_1786,tutuldu_gerekli
SRU_2701,tutuldu_gerekli
SRU_0492,tutuldu_gerekli
SRU_1471,tutuldu_gerekli
SRU_1351,tutuldu_gerekli
SRU_1496,tutuldu_gerekli
SRU_2489,tutuldu_gerekli
SRU_0521,tutuldu_gerekli
SRU_0963,tutuldu_gerekli
SRU_2656,tutuldu_gerekli
SRU_1412,tutuldu_gerekli
SRU_2239,tutuldu_gerekli
SRU_0383,tutuldu_gerekli
SRU_1854,tutuldu_gerekli
SRU_2426,tutuldu_gerekli
SRU_0484,tutuldu_gerekli
SRU_2444,tutuldu_gerekli
SRU_0412,tutuldu_gerekli
SRU_0855,tutuldu_gerekli
SRU_0078,tutuldu_gerekli
SRU_0558,tutuldu_gerekli
SRU_1355,tutuldu_gerekli
SRU_0337,tutuldu_gerekli
SRU_2202,tutuldu_gerekli
SRU_1198,tutuldu_gerekli
SRU_0969,tutuldu_gerekli
SRU_2657,tutuldu_gerekli
SRU_0685,tutuldu_gerekli
SRU_1411,tutuldu_gerekli
SRU_1667,tutuldu_gerekli
SRU_2695,tutuldu_gerekli
SRU_0382,tutuldu_gerekli
SRU_2658,tutuldu_gerekli
SRU_0419,tutuldu_gerekli
SRU_0824,tutuldu_gerekli
SRU_0041,tutuldu_gerekli
SRU_1480,tutuldu_gerekli
SRU_0727,tutuldu_gerekli
SRU_0561,tutuldu_gerekli
SRU_2197,tutuldu_gerekli
SRU_2301,tutuldu_gerekli
SRU_2147,tutuldu_gerekli
SRU_2184,tutuldu_gerekli
SRU_2342,tutuldu_gerekli
SRU_1363,tutuldu_gerekli
SRU_0682,tutuldu_gerekli
SRU_1080,tutuldu_gerekli
SRU_1435,tutuldu_gerekli
SRU_0576,tutuldu_gerekli
SRU_1966,tutuldu_gerekli
SRU_1616,tutuldu_gerekli
SRU_1081,tutuldu_gerekli
SRU_1684,tutuldu_gerekli
SRU_1820,tutuldu_gerekli
SRU_0828,tutuldu_gerekli
SRU_0486,tutuldu_gerekli
SRU_0487,tutuldu_gerekli
SRU_0313,tutuldu_gerekli
SRU_0314,tutuldu_gerekli
SRU_0322,tutuldu_gerekli
SRU_0323,tutuldu_gerekli
SRU_0423,tutuldu_gerekli
SRU_0424,tutuldu_gerekli
SRU_0569,tutuldu_gerekli
SRU_1501,tutuldu_gerekli
SRU_1620,tutuldu_gerekli
SRU_1621,tutuldu_gerekli
SRU_2060,tutuldu_gerekli
SRU_1353,tutuldu_gerekli
SRU_1223,tutuldu_gerekli
SRU_1502,tutuldu_gerekli
